VGS_V,ID_A,VDS_V,sqrt_ID
0.0000,5.010000000e-12,5.000000,2.238302929e-06
0.0050,5.010000000e-12,5.000000,2.238302929e-06
0.0100,5.010000000e-12,5.000000,2.238302929e-06
0.0150,5.010000000e-12,5.000000,2.238302929e-06
0.0200,5.010000000e-12,5.000000,2.238302929e-06
0.0250,5.010000000e-12,5.000000,2.238302929e-06
0.0300,5.010000000e-12,5.000000,2.238302929e-06
0.0350,5.010000000e-12,5.000000,2.238302929e-06
0.0400,5.010000000e-12,5.000000,2.238302929e-06
0.0450,5.010000000e-12,5.000000,2.238302929e-06
0.0500,5.010000000e-12,5.000000,2.238302929e-06
0.0550,5.010000000e-12,5.000000,2.238302929e-06
0.0600,5.010000000e-12,5.000000,2.238302929e-06
0.0650,5.010000000e-12,5.000000,2.238302929e-06
0.0700,5.010000000e-12,5.000000,2.238302929e-06
0.0750,5.010000000e-12,5.000000,2.238302929e-06
0.0800,5.010000000e-12,5.000000,2.238302929e-06
0.0850,5.010000000e-12,5.000000,2.238302929e-06
0.0900,5.010000000e-12,5.000000,2.238302929e-06
0.0950,5.010000000e-12,5.000000,2.238302929e-06
0.1000,5.010000000e-12,5.000000,2.238302929e-06
0.1050,5.010000000e-12,5.000000,2.238302929e-06
0.1100,5.010000000e-12,5.000000,2.238302929e-06
0.1150,5.010000000e-12,5.000000,2.238302929e-06
0.1200,5.010000000e-12,5.000000,2.238302929e-06
0.1250,5.010000000e-12,5.000000,2.238302929e-06
0.1300,5.010000000e-12,5.000000,2.238302929e-06
0.1350,5.010000000e-12,5.000000,2.238302929e-06
0.1400,5.010000000e-12,5.000000,2.238302929e-06
0.1450,5.010000000e-12,5.000000,2.238302929e-06
0.1500,5.010000000e-12,5.000000,2.238302929e-06
0.1550,5.010000000e-12,5.000000,2.238302929e-06
0.1600,5.010000000e-12,5.000000,2.238302929e-06
0.1650,5.010000000e-12,5.000000,2.238302929e-06
0.1700,5.010000000e-12,5.000000,2.238302929e-06
0.1750,5.010000000e-12,5.000000,2.238302929e-06
0.1800,5.010000000e-12,5.000000,2.238302929e-06
0.1850,5.010000000e-12,5.000000,2.238302929e-06
0.1900,5.010000000e-12,5.000000,2.238302929e-06
0.1950,5.010000000e-12,5.000000,2.238302929e-06
0.2000,5.010000000e-12,5.000000,2.238302929e-06
0.2050,5.010000000e-12,5.000000,2.238302929e-06
0.2100,5.010000000e-12,5.000000,2.238302929e-06
0.2150,5.010000000e-12,5.000000,2.238302929e-06
0.2200,5.010000000e-12,5.000000,2.238302929e-06
0.2250,5.010000000e-12,5.000000,2.238302929e-06
0.2300,5.010000000e-12,5.000000,2.238302929e-06
0.2350,5.010000000e-12,5.000000,2.238302929e-06
0.2400,5.010000000e-12,5.000000,2.238302929e-06
0.2450,5.010000000e-12,5.000000,2.238302929e-06
0.2500,5.010000000e-12,5.000000,2.238302929e-06
0.2550,5.010000000e-12,5.000000,2.238302929e-06
0.2600,5.010000000e-12,5.000000,2.238302929e-06
0.2650,5.010000000e-12,5.000000,2.238302929e-06
0.2700,5.010000000e-12,5.000000,2.238302929e-06
0.2750,5.010000000e-12,5.000000,2.238302929e-06
0.2800,5.010000000e-12,5.000000,2.238302929e-06
0.2850,5.010000000e-12,5.000000,2.238302929e-06
0.2900,5.010000000e-12,5.000000,2.238302929e-06
0.2950,5.010000000e-12,5.000000,2.238302929e-06
0.3000,5.010000000e-12,5.000000,2.238302929e-06
0.3050,5.010000000e-12,5.000000,2.238302929e-06
0.3100,5.010000000e-12,5.000000,2.238302929e-06
0.3150,5.010000000e-12,5.000000,2.238302929e-06
0.3200,5.010000000e-12,5.000000,2.238302929e-06
0.3250,5.010000000e-12,5.000000,2.238302929e-06
0.3300,5.010000000e-12,5.000000,2.238302929e-06
0.3350,5.010000000e-12,5.000000,2.238302929e-06
0.3400,5.010000000e-12,5.000000,2.238302929e-06
0.3450,5.010000000e-12,5.000000,2.238302929e-06
0.3500,5.010000000e-12,5.000000,2.238302929e-06
0.3550,5.010000000e-12,5.000000,2.238302929e-06
0.3600,5.010000000e-12,5.000000,2.238302929e-06
0.3650,5.010000000e-12,5.000000,2.238302929e-06
0.3700,5.010000000e-12,5.000000,2.238302929e-06
0.3750,5.010000000e-12,5.000000,2.238302929e-06
0.3800,5.010000000e-12,5.000000,2.238302929e-06
0.3850,5.010000000e-12,5.000000,2.238302929e-06
0.3900,5.010000000e-12,5.000000,2.238302929e-06
0.3950,5.010000000e-12,5.000000,2.238302929e-06
0.4000,5.010000000e-12,5.000000,2.238302929e-06
0.4050,5.010000000e-12,5.000000,2.238302929e-06
0.4100,5.010000000e-12,5.000000,2.238302929e-06
0.4150,5.010000000e-12,5.000000,2.238302929e-06
0.4200,5.010000000e-12,5.000000,2.238302929e-06
0.4250,5.010000000e-12,5.000000,2.238302929e-06
0.4300,5.010000000e-12,5.000000,2.238302929e-06
0.4350,5.010000000e-12,5.000000,2.238302929e-06
0.4400,5.010000000e-12,5.000000,2.238302929e-06
0.4450,5.010000000e-12,5.000000,2.238302929e-06
0.4500,5.010000000e-12,5.000000,2.238302929e-06
0.4550,5.010000000e-12,5.000000,2.238302929e-06
0.4600,5.010000000e-12,5.000000,2.238302929e-06
0.4650,5.010000000e-12,5.000000,2.238302929e-06
0.4700,5.010000000e-12,5.000000,2.238302929e-06
0.4750,5.010000000e-12,5.000000,2.238302929e-06
0.4800,5.010000000e-12,5.000000,2.238302929e-06
0.4850,5.010000000e-12,5.000000,2.238302929e-06
0.4900,5.010000000e-12,5.000000,2.238302929e-06
0.4950,5.010000000e-12,5.000000,2.238302929e-06
0.5000,5.010000000e-12,5.000000,2.238302929e-06
0.5050,5.010000000e-12,5.000000,2.238302929e-06
0.5100,5.010000000e-12,5.000000,2.238302929e-06
0.5150,5.010000000e-12,5.000000,2.238302929e-06
0.5200,5.010000000e-12,5.000000,2.238302929e-06
0.5250,5.010000000e-12,5.000000,2.238302929e-06
0.5300,5.010000000e-12,5.000000,2.238302929e-06
0.5350,5.010000000e-12,5.000000,2.238302929e-06
0.5400,5.010000000e-12,5.000000,2.238302929e-06
0.5450,5.010000000e-12,5.000000,2.238302929e-06
0.5500,5.010000000e-12,5.000000,2.238302929e-06
0.5550,5.010000000e-12,5.000000,2.238302929e-06
0.5600,5.010000000e-12,5.000000,2.238302929e-06
0.5650,5.010000000e-12,5.000000,2.238302929e-06
0.5700,5.010000000e-12,5.000000,2.238302929e-06
0.5750,5.010000000e-12,5.000000,2.238302929e-06
0.5800,5.010000000e-12,5.000000,2.238302929e-06
0.5850,5.010000000e-12,5.000000,2.238302929e-06
0.5900,5.010000000e-12,5.000000,2.238302929e-06
0.5950,5.010000000e-12,5.000000,2.238302929e-06
0.6000,5.010000000e-12,5.000000,2.238302929e-06
0.6050,5.010000000e-12,5.000000,2.238302929e-06
0.6100,5.010000000e-12,5.000000,2.238302929e-06
0.6150,5.010000000e-12,5.000000,2.238302929e-06
0.6200,5.010000000e-12,5.000000,2.238302929e-06
0.6250,5.010000000e-12,5.000000,2.238302929e-06
0.6300,5.010000000e-12,5.000000,2.238302929e-06
0.6350,5.010000000e-12,5.000000,2.238302929e-06
0.6400,5.010000000e-12,5.000000,2.238302929e-06
0.6450,5.010000000e-12,5.000000,2.238302929e-06
0.6500,5.010000000e-12,5.000000,2.238302929e-06
0.6550,5.010000000e-12,5.000000,2.238302929e-06
0.6600,5.010000000e-12,5.000000,2.238302929e-06
0.6650,5.010000000e-12,5.000000,2.238302929e-06
0.6700,5.010000000e-12,5.000000,2.238302929e-06
0.6750,5.010000000e-12,5.000000,2.238302929e-06
0.6800,5.010000000e-12,5.000000,2.238302929e-06
0.6850,5.010000000e-12,5.000000,2.238302929e-06
0.6900,5.010000000e-12,5.000000,2.238302929e-06
0.6950,5.010000000e-12,5.000000,2.238302929e-06
0.7000,5.010000000e-12,5.000000,2.238302929e-06
0.7050,5.010000000e-12,5.000000,2.238302929e-06
0.7100,5.010000000e-12,5.000000,2.238302929e-06
0.7150,5.010000000e-12,5.000000,2.238302929e-06
0.7200,5.010000000e-12,5.000000,2.238302929e-06
0.7250,5.010000000e-12,5.000000,2.238302929e-06
0.7300,5.010000000e-12,5.000000,2.238302929e-06
0.7350,5.010000000e-12,5.000000,2.238302929e-06
0.7400,5.010000000e-12,5.000000,2.238302929e-06
0.7450,5.010000000e-12,5.000000,2.238302929e-06
0.7500,5.010000000e-12,5.000000,2.238302929e-06
0.7550,5.010000000e-12,5.000000,2.238302929e-06
0.7600,5.010000000e-12,5.000000,2.238302929e-06
0.7650,5.010000000e-12,5.000000,2.238302929e-06
0.7700,5.010000000e-12,5.000000,2.238302929e-06
0.7750,5.010000000e-12,5.000000,2.238302929e-06
0.7800,5.010000000e-12,5.000000,2.238302929e-06
0.7850,5.010000000e-12,5.000000,2.238302929e-06
0.7900,5.010000000e-12,5.000000,2.238302929e-06
0.7950,5.010000000e-12,5.000000,2.238302929e-06
0.8000,5.010000000e-12,5.000000,2.238302929e-06
0.8050,5.010000000e-12,5.000000,2.238302929e-06
0.8100,5.010000000e-12,5.000000,2.238302929e-06
0.8150,5.010000000e-12,5.000000,2.238302929e-06
0.8200,5.010000000e-12,5.000000,2.238302929e-06
0.8250,5.010000000e-12,5.000000,2.238302929e-06
0.8300,5.010000000e-12,5.000000,2.238302929e-06
0.8350,5.010000000e-12,5.000000,2.238302929e-06
0.8400,5.010000000e-12,5.000000,2.238302929e-06
0.8450,5.010000000e-12,5.000000,2.238302929e-06
0.8500,5.010000000e-12,5.000000,2.238302929e-06
0.8550,5.010000000e-12,5.000000,2.238302929e-06
0.8600,5.010000000e-12,5.000000,2.238302929e-06
0.8650,5.010000000e-12,5.000000,2.238302929e-06
0.8700,5.010000000e-12,5.000000,2.238302929e-06
0.8750,5.010000000e-12,5.000000,2.238302929e-06
0.8800,5.010000000e-12,5.000000,2.238302929e-06
0.8850,5.010000000e-12,5.000000,2.238302929e-06
0.8900,5.010000000e-12,5.000000,2.238302929e-06
0.8950,5.010000000e-12,5.000000,2.238302929e-06
0.9000,5.010000000e-12,5.000000,2.238302929e-06
0.9050,5.010000000e-12,5.000000,2.238302929e-06
0.9100,5.010000000e-12,5.000000,2.238302929e-06
0.9150,5.010000000e-12,5.000000,2.238302929e-06
0.9200,5.010000000e-12,5.000000,2.238302929e-06
0.9250,5.010000000e-12,5.000000,2.238302929e-06
0.9300,5.010000000e-12,5.000000,2.238302929e-06
0.9350,5.010000000e-12,5.000000,2.238302929e-06
0.9400,5.010000000e-12,5.000000,2.238302929e-06
0.9450,5.010000000e-12,5.000000,2.238302929e-06
0.9500,5.010000000e-12,5.000000,2.238302929e-06
0.9550,5.010000000e-12,5.000000,2.238302929e-06
0.9600,5.010000000e-12,5.000000,2.238302929e-06
0.9650,5.010000000e-12,5.000000,2.238302929e-06
0.9700,5.010000000e-12,5.000000,2.238302929e-06
0.9750,5.010000000e-12,5.000000,2.238302929e-06
0.9800,5.010000000e-12,5.000000,2.238302929e-06
0.9850,5.010000000e-12,5.000000,2.238302929e-06
0.9900,5.010000000e-12,5.000000,2.238302929e-06
0.9950,5.010000000e-12,5.000000,2.238302929e-06
1.0000,5.010000000e-12,5.000000,2.238302929e-06
1.0050,1.100501000e-08,5.000000,1.049047663e-04
1.0100,4.400501000e-08,5.000000,2.097737114e-04
1.0150,9.900501000e-08,5.000000,3.146506158e-04
1.0200,1.760050100e-07,5.000000,4.195295103e-04
1.0250,2.750050100e-07,5.000000,5.244092009e-04
1.0300,3.960050100e-07,5.000000,6.292892896e-04
1.0350,5.390050100e-07,5.000000,7.341696057e-04
1.0400,7.040050100e-07,5.000000,8.390500641e-04
1.0450,8.910050100e-07,5.000000,9.439306172e-04
1.0500,1.100005010e-06,5.000000,1.048811237e-03
1.0550,1.331005010e-06,5.000000,1.153691904e-03
1.0600,1.584005010e-06,5.000000,1.258572608e-03
1.0650,1.859005010e-06,5.000000,1.363453340e-03
1.0700,2.156005010e-06,5.000000,1.468334093e-03
1.0750,2.475005010e-06,5.000000,1.573214865e-03
1.0800,2.816005010e-06,5.000000,1.678095650e-03
1.0850,3.179005010e-06,5.000000,1.782976447e-03
1.0900,3.564005010e-06,5.000000,1.887857254e-03
1.0950,3.971005010e-06,5.000000,1.992738069e-03
1.1000,4.400005010e-06,5.000000,2.097618891e-03
1.1050,4.851005010e-06,5.000000,2.202499719e-03
1.1100,5.324005010e-06,5.000000,2.307380552e-03
1.1150,5.819005010e-06,5.000000,2.412261389e-03
1.1200,6.336005010e-06,5.000000,2.517142231e-03
1.1250,6.875005010e-06,5.000000,2.622023076e-03
1.1300,7.436005010e-06,5.000000,2.726903924e-03
1.1350,8.019005010e-06,5.000000,2.831784775e-03
1.1400,8.624005010e-06,5.000000,2.936665628e-03
1.1450,9.251005010e-06,5.000000,3.041546483e-03
1.1500,9.900005010e-06,5.000000,3.146427341e-03
1.1550,1.057100501e-05,5.000000,3.251308200e-03
1.1600,1.126400501e-05,5.000000,3.356189061e-03
1.1650,1.197900501e-05,5.000000,3.461069923e-03
1.1700,1.271600501e-05,5.000000,3.565950786e-03
1.1750,1.347500501e-05,5.000000,3.670831651e-03
1.1800,1.425600501e-05,5.000000,3.775712517e-03
1.1850,1.505900501e-05,5.000000,3.880593384e-03
1.1900,1.588400501e-05,5.000000,3.985474252e-03
1.1950,1.673100501e-05,5.000000,4.090355120e-03
1.2000,1.760000501e-05,5.000000,4.195235990e-03
1.2050,1.849100501e-05,5.000000,4.300116860e-03
1.2100,1.940400501e-05,5.000000,4.404997731e-03
1.2150,2.033900501e-05,5.000000,4.509878603e-03
1.2200,2.129600501e-05,5.000000,4.614759475e-03
1.2250,2.227500501e-05,5.000000,4.719640348e-03
1.2300,2.327600501e-05,5.000000,4.824521221e-03
1.2350,2.429900501e-05,5.000000,4.929402095e-03
1.2400,2.534400501e-05,5.000000,5.034282969e-03
1.2450,2.641100501e-05,5.000000,5.139163843e-03
1.2500,2.750000501e-05,5.000000,5.244044719e-03
1.2550,2.861100501e-05,5.000000,5.348925594e-03
1.2600,2.974400501e-05,5.000000,5.453806470e-03
1.2650,3.089900501e-05,5.000000,5.558687346e-03
1.2700,3.207600501e-05,5.000000,5.663568222e-03
1.2750,3.327500501e-05,5.000000,5.768449099e-03
1.2800,3.449600501e-05,5.000000,5.873329976e-03
1.2850,3.573900501e-05,5.000000,5.978210854e-03
1.2900,3.700400501e-05,5.000000,6.083091731e-03
1.2950,3.829100501e-05,5.000000,6.187972609e-03
1.3000,3.960000501e-05,5.000000,6.292853487e-03
1.3050,4.093100501e-05,5.000000,6.397734365e-03
1.3100,4.228400501e-05,5.000000,6.502615244e-03
1.3150,4.365900501e-05,5.000000,6.607496123e-03
1.3200,4.505600501e-05,5.000000,6.712377001e-03
1.3250,4.647500501e-05,5.000000,6.817257881e-03
1.3300,4.791600501e-05,5.000000,6.922138760e-03
1.3350,4.937900501e-05,5.000000,7.027019639e-03
1.3400,5.086400501e-05,5.000000,7.131900519e-03
1.3450,5.237100501e-05,5.000000,7.236781399e-03
1.3500,5.390000501e-05,5.000000,7.341662278e-03
1.3550,5.545100501e-05,5.000000,7.446543158e-03
1.3600,5.702400501e-05,5.000000,7.551424039e-03
1.3650,5.861900501e-05,5.000000,7.656304919e-03
1.3700,6.023600501e-05,5.000000,7.761185799e-03
1.3750,6.187500501e-05,5.000000,7.866066680e-03
1.3800,6.353600501e-05,5.000000,7.970947560e-03
1.3850,6.521900501e-05,5.000000,8.075828441e-03
1.3900,6.692400501e-05,5.000000,8.180709322e-03
1.3950,6.865100501e-05,5.000000,8.285590203e-03
1.4000,7.040000501e-05,5.000000,8.390471084e-03
1.4050,7.217100501e-05,5.000000,8.495351965e-03
1.4100,7.396400501e-05,5.000000,8.600232846e-03
1.4150,7.577900501e-05,5.000000,8.705113728e-03
1.4200,7.761600501e-05,5.000000,8.809994609e-03
1.4250,7.947500501e-05,5.000000,8.914875490e-03
1.4300,8.135600501e-05,5.000000,9.019756372e-03
1.4350,8.325900501e-05,5.000000,9.124637254e-03
1.4400,8.518400501e-05,5.000000,9.229518135e-03
1.4450,8.713100501e-05,5.000000,9.334399017e-03
1.4500,8.910000501e-05,5.000000,9.439279899e-03
1.4550,9.109100501e-05,5.000000,9.544160781e-03
1.4600,9.310400501e-05,5.000000,9.649041663e-03
1.4650,9.513900501e-05,5.000000,9.753922545e-03
1.4700,9.719600501e-05,5.000000,9.858803427e-03
1.4750,9.927500501e-05,5.000000,9.963684309e-03
1.4800,1.013760050e-04,5.000000,1.006856519e-02
1.4850,1.034990050e-04,5.000000,1.017344607e-02
1.4900,1.056440050e-04,5.000000,1.027832696e-02
1.4950,1.078110050e-04,5.000000,1.038320784e-02
1.5000,1.100000050e-04,5.000000,1.048808872e-02
1.5050,1.122110050e-04,5.000000,1.059296960e-02
1.5100,1.144440050e-04,5.000000,1.069785049e-02
1.5150,1.166990050e-04,5.000000,1.080273137e-02
1.5200,1.189760050e-04,5.000000,1.090761225e-02
1.5250,1.212750050e-04,5.000000,1.101249313e-02
1.5300,1.235960050e-04,5.000000,1.111737402e-02
1.5350,1.259390050e-04,5.000000,1.122225490e-02
1.5400,1.283040050e-04,5.000000,1.132713578e-02
1.5450,1.306910050e-04,5.000000,1.143201666e-02
1.5500,1.331000050e-04,5.000000,1.153689755e-02
1.5550,1.355310050e-04,5.000000,1.164177843e-02
1.5600,1.379840050e-04,5.000000,1.174665931e-02
1.5650,1.404590050e-04,5.000000,1.185154020e-02
1.5700,1.429560050e-04,5.000000,1.195642108e-02
1.5750,1.454750050e-04,5.000000,1.206130196e-02
1.5800,1.480160050e-04,5.000000,1.216618284e-02
1.5850,1.505790050e-04,5.000000,1.227106373e-02
1.5900,1.531640050e-04,5.000000,1.237594461e-02
1.5950,1.557710050e-04,5.000000,1.248082549e-02
1.6000,1.584000050e-04,5.000000,1.258570638e-02
1.6050,1.610510050e-04,5.000000,1.269058726e-02
1.6100,1.637240050e-04,5.000000,1.279546814e-02
1.6150,1.664190050e-04,5.000000,1.290034903e-02
1.6200,1.691360050e-04,5.000000,1.300522991e-02
1.6250,1.718750050e-04,5.000000,1.311011079e-02
1.6300,1.746360050e-04,5.000000,1.321499168e-02
1.6350,1.774190050e-04,5.000000,1.331987256e-02
1.6400,1.802240050e-04,5.000000,1.342475344e-02
1.6450,1.830510050e-04,5.000000,1.352963433e-02
1.6500,1.859000050e-04,5.000000,1.363451521e-02
1.6550,1.887710050e-04,5.000000,1.373939609e-02
1.6600,1.916640050e-04,5.000000,1.384427698e-02
1.6650,1.945790050e-04,5.000000,1.394915786e-02
1.6700,1.975160050e-04,5.000000,1.405403874e-02
1.6750,2.004750050e-04,5.000000,1.415891963e-02
1.6800,2.034560050e-04,5.000000,1.426380051e-02
1.6850,2.064590050e-04,5.000000,1.436868139e-02
1.6900,2.094840050e-04,5.000000,1.447356228e-02
1.6950,2.125310050e-04,5.000000,1.457844316e-02
1.7000,2.156000050e-04,5.000000,1.468332404e-02
1.7050,2.186910050e-04,5.000000,1.478820493e-02
1.7100,2.218040050e-04,5.000000,1.489308581e-02
1.7150,2.249390050e-04,5.000000,1.499796670e-02
1.7200,2.280960050e-04,5.000000,1.510284758e-02
1.7250,2.312750050e-04,5.000000,1.520772846e-02
1.7300,2.344760050e-04,5.000000,1.531260935e-02
1.7350,2.376990050e-04,5.000000,1.541749023e-02
1.7400,2.409440050e-04,5.000000,1.552237111e-02
1.7450,2.442110050e-04,5.000000,1.562725200e-02
1.7500,2.475000050e-04,5.000000,1.573213288e-02
1.7550,2.508110050e-04,5.000000,1.583701377e-02
1.7600,2.541440050e-04,5.000000,1.594189465e-02
1.7650,2.574990050e-04,5.000000,1.604677553e-02
1.7700,2.608760050e-04,5.000000,1.615165642e-02
1.7750,2.642750050e-04,5.000000,1.625653730e-02
1.7800,2.676960050e-04,5.000000,1.636141818e-02
1.7850,2.711390050e-04,5.000000,1.646629907e-02
1.7900,2.746040050e-04,5.000000,1.657117995e-02
1.7950,2.780910050e-04,5.000000,1.667606084e-02
1.8000,2.816000050e-04,5.000000,1.678094172e-02
1.8050,2.851310050e-04,5.000000,1.688582260e-02
1.8100,2.886840050e-04,5.000000,1.699070349e-02
1.8150,2.922590050e-04,5.000000,1.709558437e-02
1.8200,2.958560050e-04,5.000000,1.720046526e-02
1.8250,2.994750050e-04,5.000000,1.730534614e-02
1.8300,3.031160050e-04,5.000000,1.741022702e-02
1.8350,3.067790050e-04,5.000000,1.751510791e-02
1.8400,3.104640050e-04,5.000000,1.761998879e-02
1.8450,3.141710050e-04,5.000000,1.772486968e-02
1.8500,3.179000050e-04,5.000000,1.782975056e-02
1.8550,3.216510050e-04,5.000000,1.793463144e-02
1.8600,3.254240050e-04,5.000000,1.803951233e-02
1.8650,3.292190050e-04,5.000000,1.814439321e-02
1.8700,3.330360050e-04,5.000000,1.824927410e-02
1.8750,3.368750050e-04,5.000000,1.835415498e-02
1.8800,3.407360050e-04,5.000000,1.845903586e-02
1.8850,3.446190050e-04,5.000000,1.856391675e-02
1.8900,3.485240050e-04,5.000000,1.866879763e-02
1.8950,3.524510050e-04,5.000000,1.877367852e-02
1.9000,3.564000050e-04,5.000000,1.887855940e-02
1.9050,3.603710050e-04,5.000000,1.898344028e-02
1.9100,3.643640050e-04,5.000000,1.908832117e-02
1.9150,3.683790050e-04,5.000000,1.919320205e-02
1.9200,3.724160050e-04,5.000000,1.929808294e-02
1.9250,3.764750050e-04,5.000000,1.940296382e-02
1.9300,3.805560050e-04,5.000000,1.950784470e-02
1.9350,3.846590050e-04,5.000000,1.961272559e-02
1.9400,3.887840050e-04,5.000000,1.971760647e-02
1.9450,3.929310050e-04,5.000000,1.982248736e-02
1.9500,3.971000050e-04,5.000000,1.992736824e-02
1.9550,4.012910050e-04,5.000000,2.003224913e-02
1.9600,4.055040050e-04,5.000000,2.013713001e-02
1.9650,4.097390050e-04,5.000000,2.024201089e-02
1.9700,4.139960050e-04,5.000000,2.034689178e-02
1.9750,4.182750050e-04,5.000000,2.045177266e-02
1.9800,4.225760050e-04,5.000000,2.055665355e-02
1.9850,4.268990050e-04,5.000000,2.066153443e-02
1.9900,4.312440050e-04,5.000000,2.076641531e-02
1.9950,4.356110050e-04,5.000000,2.087129620e-02
2.0000,4.400000050e-04,5.000000,2.097617708e-02
2.0050,4.444110050e-04,5.000000,2.108105797e-02
2.0100,4.488440050e-04,5.000000,2.118593885e-02
2.0150,4.532990050e-04,5.000000,2.129081974e-02
2.0200,4.577760050e-04,5.000000,2.139570062e-02
2.0250,4.622750050e-04,5.000000,2.150058150e-02
2.0300,4.667960050e-04,5.000000,2.160546239e-02
2.0350,4.713390050e-04,5.000000,2.171034327e-02
2.0400,4.759040050e-04,5.000000,2.181522416e-02
2.0450,4.804910050e-04,5.000000,2.192010504e-02
2.0500,4.851000050e-04,5.000000,2.202498593e-02
2.0550,4.897310050e-04,5.000000,2.212986681e-02
2.0600,4.943840050e-04,5.000000,2.223474769e-02
2.0650,4.990590050e-04,5.000000,2.233962858e-02
2.0700,5.037560050e-04,5.000000,2.244450946e-02
2.0750,5.084750050e-04,5.000000,2.254939035e-02
2.0800,5.132160050e-04,5.000000,2.265427123e-02
2.0850,5.179790050e-04,5.000000,2.275915212e-02
2.0900,5.227640050e-04,5.000000,2.286403300e-02
2.0950,5.275710050e-04,5.000000,2.296891388e-02
2.1000,5.324000050e-04,5.000000,2.307379477e-02
2.1050,5.372510050e-04,5.000000,2.317867565e-02
2.1100,5.421240050e-04,5.000000,2.328355654e-02
2.1150,5.470190050e-04,5.000000,2.338843742e-02
2.1200,5.519360050e-04,5.000000,2.349331831e-02
2.1250,5.568750050e-04,5.000000,2.359819919e-02
2.1300,5.618360050e-04,5.000000,2.370308007e-02
2.1350,5.668190050e-04,5.000000,2.380796096e-02
2.1400,5.718240050e-04,5.000000,2.391284184e-02
2.1450,5.768510050e-04,5.000000,2.401772273e-02
2.1500,5.819000050e-04,5.000000,2.412260361e-02
2.1550,5.869710050e-04,5.000000,2.422748450e-02
2.1600,5.920640050e-04,5.000000,2.433236538e-02
2.1650,5.971790050e-04,5.000000,2.443724626e-02
2.1700,6.023160050e-04,5.000000,2.454212715e-02
2.1750,6.074750050e-04,5.000000,2.464700803e-02
2.1800,6.126560050e-04,5.000000,2.475188892e-02
2.1850,6.178590050e-04,5.000000,2.485676980e-02
2.1900,6.230840050e-04,5.000000,2.496165069e-02
2.1950,6.283310050e-04,5.000000,2.506653157e-02
2.2000,6.336000050e-04,5.000000,2.517141246e-02
2.2050,6.388910050e-04,5.000000,2.527629334e-02
2.2100,6.442040050e-04,5.000000,2.538117422e-02
2.2150,6.495390050e-04,5.000000,2.548605511e-02
2.2200,6.548960050e-04,5.000000,2.559093599e-02
2.2250,6.602750050e-04,5.000000,2.569581688e-02
2.2300,6.656760050e-04,5.000000,2.580069776e-02
2.2350,6.710990050e-04,5.000000,2.590557865e-02
2.2400,6.765440050e-04,5.000000,2.601045953e-02
2.2450,6.820110050e-04,5.000000,2.611534042e-02
2.2500,6.875000050e-04,5.000000,2.622022130e-02
2.2550,6.930110050e-04,5.000000,2.632510218e-02
2.2600,6.985440050e-04,5.000000,2.642998307e-02
2.2650,7.040990050e-04,5.000000,2.653486395e-02
2.2700,7.096760050e-04,5.000000,2.663974484e-02
2.2750,7.152750050e-04,5.000000,2.674462572e-02
2.2800,7.208960050e-04,5.000000,2.684950661e-02
2.2850,7.265390050e-04,5.000000,2.695438749e-02
2.2900,7.322040050e-04,5.000000,2.705926838e-02
2.2950,7.378910050e-04,5.000000,2.716414926e-02
2.3000,7.436000050e-04,5.000000,2.726903014e-02
2.3050,7.493310050e-04,5.000000,2.737391103e-02
2.3100,7.550840050e-04,5.000000,2.747879191e-02
2.3150,7.608590050e-04,5.000000,2.758367280e-02
2.3200,7.666560050e-04,5.000000,2.768855368e-02
2.3250,7.724750050e-04,5.000000,2.779343457e-02
2.3300,7.783160050e-04,5.000000,2.789831545e-02
2.3350,7.841790050e-04,5.000000,2.800319634e-02
2.3400,7.900640050e-04,5.000000,2.810807722e-02
2.3450,7.959710050e-04,5.000000,2.821295810e-02
2.3500,8.019000050e-04,5.000000,2.831783899e-02
2.3550,8.078510050e-04,5.000000,2.842271987e-02
2.3600,8.138240050e-04,5.000000,2.852760076e-02
2.3650,8.198190050e-04,5.000000,2.863248164e-02
2.3700,8.258360050e-04,5.000000,2.873736253e-02
2.3750,8.318750050e-04,5.000000,2.884224341e-02
2.3800,8.379360050e-04,5.000000,2.894712430e-02
2.3850,8.440190050e-04,5.000000,2.905200518e-02
2.3900,8.501240050e-04,5.000000,2.915688607e-02
2.3950,8.562510050e-04,5.000000,2.926176695e-02
2.4000,8.624000050e-04,5.000000,2.936664783e-02
2.4050,8.685710050e-04,5.000000,2.947152872e-02
2.4100,8.747640050e-04,5.000000,2.957640960e-02
2.4150,8.809790050e-04,5.000000,2.968129049e-02
2.4200,8.872160050e-04,5.000000,2.978617137e-02
2.4250,8.934750050e-04,5.000000,2.989105226e-02
2.4300,8.997560050e-04,5.000000,2.999593314e-02
2.4350,9.060590050e-04,5.000000,3.010081403e-02
2.4400,9.123840050e-04,5.000000,3.020569491e-02
2.4450,9.187310050e-04,5.000000,3.031057579e-02
2.4500,9.251000050e-04,5.000000,3.041545668e-02
2.4550,9.314910050e-04,5.000000,3.052033756e-02
2.4600,9.379040050e-04,5.000000,3.062521845e-02
2.4650,9.443390050e-04,5.000000,3.073009933e-02
2.4700,9.507960050e-04,5.000000,3.083498022e-02
2.4750,9.572750050e-04,5.000000,3.093986110e-02
2.4800,9.637760050e-04,5.000000,3.104474199e-02
2.4850,9.702990050e-04,5.000000,3.114962287e-02
2.4900,9.768440050e-04,5.000000,3.125450376e-02
2.4950,9.834110050e-04,5.000000,3.135938464e-02
2.5000,9.900000050e-04,5.000000,3.146426552e-02
2.5050,9.966110050e-04,5.000000,3.156914641e-02
2.5100,1.003244005e-03,5.000000,3.167402729e-02
2.5150,1.009899005e-03,5.000000,3.177890818e-02
2.5200,1.016576005e-03,5.000000,3.188378906e-02
2.5250,1.023275005e-03,5.000000,3.198866995e-02
2.5300,1.029996005e-03,5.000000,3.209355083e-02
2.5350,1.036739005e-03,5.000000,3.219843172e-02
2.5400,1.043504005e-03,5.000000,3.230331260e-02
2.5450,1.050291005e-03,5.000000,3.240819349e-02
2.5500,1.057100005e-03,5.000000,3.251307437e-02
2.5550,1.063931005e-03,5.000000,3.261795525e-02
2.5600,1.070784005e-03,5.000000,3.272283614e-02
2.5650,1.077659005e-03,5.000000,3.282771702e-02
2.5700,1.084556005e-03,5.000000,3.293259791e-02
2.5750,1.091475005e-03,5.000000,3.303747879e-02
2.5800,1.098416005e-03,5.000000,3.314235968e-02
2.5850,1.105379005e-03,5.000000,3.324724056e-02
2.5900,1.112364005e-03,5.000000,3.335212145e-02
2.5950,1.119371005e-03,5.000000,3.345700233e-02
2.6000,1.126400005e-03,5.000000,3.356188322e-02
2.6050,1.133451005e-03,5.000000,3.366676410e-02
2.6100,1.140524005e-03,5.000000,3.377164499e-02
2.6150,1.147619005e-03,5.000000,3.387652587e-02
2.6200,1.154736005e-03,5.000000,3.398140675e-02
2.6250,1.161875005e-03,5.000000,3.408628764e-02
2.6300,1.169036005e-03,5.000000,3.419116852e-02
2.6350,1.176219005e-03,5.000000,3.429604941e-02
2.6400,1.183424005e-03,5.000000,3.440093029e-02
2.6450,1.190651005e-03,5.000000,3.450581118e-02
2.6500,1.197900005e-03,5.000000,3.461069206e-02
2.6550,1.205171005e-03,5.000000,3.471557295e-02
2.6600,1.212464005e-03,5.000000,3.482045383e-02
2.6650,1.219779005e-03,5.000000,3.492533472e-02
2.6700,1.227116005e-03,5.000000,3.503021560e-02
2.6750,1.234475005e-03,5.000000,3.513509648e-02
2.6800,1.241856005e-03,5.000000,3.523997737e-02
2.6850,1.249259005e-03,5.000000,3.534485825e-02
2.6900,1.256684005e-03,5.000000,3.544973914e-02
2.6950,1.264131005e-03,5.000000,3.555462002e-02
2.7000,1.271600005e-03,5.000000,3.565950091e-02
2.7050,1.279091005e-03,5.000000,3.576438179e-02
2.7100,1.286604005e-03,5.000000,3.586926268e-02
2.7150,1.294139005e-03,5.000000,3.597414356e-02
2.7200,1.301696005e-03,5.000000,3.607902445e-02
2.7250,1.309275005e-03,5.000000,3.618390533e-02
2.7300,1.316876005e-03,5.000000,3.628878622e-02
2.7350,1.324499005e-03,5.000000,3.639366710e-02
2.7400,1.332144005e-03,5.000000,3.649854798e-02
2.7450,1.339811005e-03,5.000000,3.660342887e-02
2.7500,1.347500005e-03,5.000000,3.670830975e-02
2.7550,1.355211005e-03,5.000000,3.681319064e-02
2.7600,1.362944005e-03,5.000000,3.691807152e-02
2.7650,1.370699005e-03,5.000000,3.702295241e-02
2.7700,1.378476005e-03,5.000000,3.712783329e-02
2.7750,1.386275005e-03,5.000000,3.723271418e-02
2.7800,1.394096005e-03,5.000000,3.733759506e-02
2.7850,1.401939005e-03,5.000000,3.744247595e-02
2.7900,1.409804005e-03,5.000000,3.754735683e-02
2.7950,1.417691005e-03,5.000000,3.765223772e-02
2.8000,1.425600005e-03,5.000000,3.775711860e-02
2.8050,1.433531005e-03,5.000000,3.786199949e-02
2.8100,1.441484005e-03,5.000000,3.796688037e-02
2.8150,1.449459005e-03,5.000000,3.807176125e-02
2.8200,1.457456005e-03,5.000000,3.817664214e-02
2.8250,1.465475005e-03,5.000000,3.828152302e-02
2.8300,1.473516005e-03,5.000000,3.838640391e-02
2.8350,1.481579005e-03,5.000000,3.849128479e-02
2.8400,1.489664005e-03,5.000000,3.859616568e-02
2.8450,1.497771005e-03,5.000000,3.870104656e-02
2.8500,1.505900005e-03,5.000000,3.880592745e-02
2.8550,1.514051005e-03,5.000000,3.891080833e-02
2.8600,1.522224005e-03,5.000000,3.901568922e-02
2.8650,1.530419005e-03,5.000000,3.912057010e-02
2.8700,1.538636005e-03,5.000000,3.922545099e-02
2.8750,1.546875005e-03,5.000000,3.933033187e-02
2.8800,1.555136005e-03,5.000000,3.943521275e-02
2.8850,1.563419005e-03,5.000000,3.954009364e-02
2.8900,1.571724005e-03,5.000000,3.964497452e-02
2.8950,1.580051005e-03,5.000000,3.974985541e-02
2.9000,1.588400005e-03,5.000000,3.985473629e-02
2.9050,1.596771005e-03,5.000000,3.995961718e-02
2.9100,1.605164005e-03,5.000000,4.006449806e-02
2.9150,1.613579005e-03,5.000000,4.016937895e-02
2.9200,1.622016005e-03,5.000000,4.027425983e-02
2.9250,1.630475005e-03,5.000000,4.037914072e-02
2.9300,1.638956005e-03,5.000000,4.048402160e-02
2.9350,1.647459005e-03,5.000000,4.058890249e-02
2.9400,1.655984005e-03,5.000000,4.069378337e-02
2.9450,1.664531005e-03,5.000000,4.079866426e-02
2.9500,1.673100005e-03,5.000000,4.090354514e-02
2.9550,1.681691005e-03,5.000000,4.100842602e-02
2.9600,1.690304005e-03,5.000000,4.111330691e-02
2.9650,1.698939005e-03,5.000000,4.121818779e-02
2.9700,1.707596005e-03,5.000000,4.132306868e-02
2.9750,1.716275005e-03,5.000000,4.142794956e-02
2.9800,1.724976005e-03,5.000000,4.153283045e-02
2.9850,1.733699005e-03,5.000000,4.163771133e-02
2.9900,1.742444005e-03,5.000000,4.174259222e-02
2.9950,1.751211005e-03,5.000000,4.184747310e-02
3.0000,1.760000005e-03,5.000000,4.195235399e-02
