frequency_Hz,mag_dB,phase_deg
1.000000e+00,-0.000171,-0.359995
1.047129e+00,-0.000188,-0.376961
1.096478e+00,-0.000206,-0.394726
1.148154e+00,-0.000226,-0.413328
1.202264e+00,-0.000248,-0.432807
1.258925e+00,-0.000272,-0.453204
1.318257e+00,-0.000298,-0.474562
1.380384e+00,-0.000327,-0.496926
1.445440e+00,-0.000358,-0.520344
1.513561e+00,-0.000393,-0.544866
1.584893e+00,-0.000431,-0.570543
1.659587e+00,-0.000472,-0.597430
1.737801e+00,-0.000518,-0.625583
1.819701e+00,-0.000568,-0.655064
1.905461e+00,-0.000622,-0.685933
1.995262e+00,-0.000683,-0.718257
2.089296e+00,-0.000748,-0.752103
2.187762e+00,-0.000821,-0.787545
2.290868e+00,-0.000900,-0.824655
2.398833e+00,-0.000986,-0.863514
2.511886e+00,-0.001082,-0.904204
2.630268e+00,-0.001186,-0.946810
2.754229e+00,-0.001300,-0.991423
2.884032e+00,-0.001426,-1.038138
3.019952e+00,-0.001563,-1.087052
3.162278e+00,-0.001714,-1.138270
3.311311e+00,-0.001880,-1.191900
3.467369e+00,-0.002061,-1.248055
3.630781e+00,-0.002260,-1.306854
3.801894e+00,-0.002478,-1.368422
3.981072e+00,-0.002716,-1.432887
4.168694e+00,-0.002978,-1.500387
4.365158e+00,-0.003266,-1.571063
4.570882e+00,-0.003581,-1.645065
4.786301e+00,-0.003926,-1.722549
5.011872e+00,-0.004305,-1.803678
5.248075e+00,-0.004720,-1.888623
5.495409e+00,-0.005175,-1.977561
5.754399e+00,-0.005674,-2.070682
6.025596e+00,-0.006221,-2.168179
6.309573e+00,-0.006820,-2.270258
6.606934e+00,-0.007478,-2.377132
6.918310e+00,-0.008198,-2.489025
7.244360e+00,-0.008989,-2.606171
7.585776e+00,-0.009855,-2.728814
7.943282e+00,-0.010804,-2.857211
8.317638e+00,-0.011845,-2.991628
8.709636e+00,-0.012987,-3.132345
9.120108e+00,-0.014237,-3.279652
9.549926e+00,-0.015609,-3.433856
1.000000e+01,-0.017112,-3.595274
1.047129e+01,-0.018759,-3.764238
1.096478e+01,-0.020564,-3.941094
1.148154e+01,-0.022543,-4.126205
1.202264e+01,-0.024712,-4.319947
1.258925e+01,-0.027089,-4.522714
1.318257e+01,-0.029693,-4.734916
1.380384e+01,-0.032547,-4.956979
1.445440e+01,-0.035675,-5.189347
1.513561e+01,-0.039101,-5.432483
1.584893e+01,-0.042855,-5.686867
1.659587e+01,-0.046967,-5.952999
1.737801e+01,-0.051472,-6.231397
1.819701e+01,-0.056405,-6.522599
1.905461e+01,-0.061809,-6.827163
1.995262e+01,-0.067726,-7.145665
2.089296e+01,-0.074204,-7.478702
2.187762e+01,-0.081297,-7.826890
2.290868e+01,-0.089060,-8.190865
2.398833e+01,-0.097557,-8.571281
2.511886e+01,-0.106854,-8.968811
2.630268e+01,-0.117025,-9.384144
2.754229e+01,-0.128151,-9.817986
2.884032e+01,-0.140317,-10.271059
3.019952e+01,-0.153617,-10.744095
3.162278e+01,-0.168155,-11.237841
3.311311e+01,-0.184039,-11.753049
3.467369e+01,-0.201389,-12.290479
3.630781e+01,-0.220334,-12.850891
3.801894e+01,-0.241011,-13.435044
3.981072e+01,-0.263572,-14.043691
4.168694e+01,-0.288175,-14.677573
4.365158e+01,-0.314992,-15.337411
4.570882e+01,-0.344207,-16.023906
4.786301e+01,-0.376017,-16.737722
5.011872e+01,-0.410630,-17.479487
5.248075e+01,-0.448268,-18.249778
5.495409e+01,-0.489166,-19.049113
5.754399e+01,-0.533571,-19.877942
6.025596e+01,-0.581744,-20.736633
6.309573e+01,-0.633958,-21.625464
6.606934e+01,-0.690497,-22.544605
6.918310e+01,-0.751656,-23.494114
7.244360e+01,-0.817741,-24.473915
7.585776e+01,-0.889064,-25.483792
7.943282e+01,-0.965944,-26.523377
8.317638e+01,-1.048707,-27.592135
8.709636e+01,-1.137677,-28.689355
9.120108e+01,-1.233181,-29.814146
9.549926e+01,-1.335541,-30.965422
1.000000e+02,-1.445070,-32.141908
1.047129e+02,-1.562075,-33.342128
1.096478e+02,-1.686845,-34.564416
1.148154e+02,-1.819655,-35.806914
1.202264e+02,-1.960758,-37.067582
1.258925e+02,-2.110379,-38.344214
1.318257e+02,-2.268721,-39.634448
1.380384e+02,-2.435950,-40.935786
1.445440e+02,-2.612203,-42.245622
1.513561e+02,-2.797578,-43.561258
1.584893e+02,-2.992137,-44.879937
1.659587e+02,-3.195903,-46.198870
1.737801e+02,-3.408859,-47.515267
1.819701e+02,-3.630953,-48.826361
1.905461e+02,-3.862090,-50.129443
1.995262e+02,-4.102142,-51.421887
2.089296e+02,-4.350948,-52.701175
2.187762e+02,-4.608311,-53.964918
2.290868e+02,-4.874010,-55.210880
2.398833e+02,-5.147796,-56.436990
2.511886e+02,-5.429399,-57.641357
2.630268e+02,-5.718531,-58.822278
2.754229e+02,-6.014890,-59.978244
2.884032e+02,-6.318162,-61.107941
3.019952e+02,-6.628026,-62.210252
3.162278e+02,-6.944158,-63.284248
3.311311e+02,-7.266231,-64.329188
3.467369e+02,-7.593921,-65.344505
3.630781e+02,-7.926906,-66.329800
3.801894e+02,-8.264873,-67.284832
3.981072e+02,-8.607516,-68.209500
4.168694e+02,-8.954536,-69.103838
4.365158e+02,-9.305648,-69.967997
4.570882e+02,-9.660577,-70.802236
4.786301e+02,-10.019060,-71.606909
5.011872e+02,-10.380846,-72.382449
5.248075e+02,-10.745699,-73.129365
5.495409e+02,-11.113395,-73.848223
5.754399e+02,-11.483723,-74.539642
6.025596e+02,-11.856483,-75.204281
6.309573e+02,-12.231490,-75.842834
6.606934e+02,-12.608570,-76.456020
6.918310e+02,-12.987561,-77.044575
7.244360e+02,-13.368312,-77.609252
7.585776e+02,-13.750681,-78.150808
7.943282e+02,-14.134540,-78.670004
8.317638e+02,-14.519766,-79.167600
8.709636e+02,-14.906248,-79.644350
9.120108e+02,-15.293882,-80.101002
9.549926e+02,-15.682574,-80.538290
1.000000e+03,-16.072235,-80.956939
1.047129e+03,-16.462785,-81.357657
1.096478e+03,-16.854148,-81.741138
1.148154e+03,-17.246255,-82.108056
1.202264e+03,-17.639045,-82.459070
1.258925e+03,-18.032459,-82.794818
1.318257e+03,-18.426443,-83.115921
1.380384e+03,-18.820950,-83.422978
1.445440e+03,-19.215934,-83.716570
1.513561e+03,-19.611354,-83.997258
1.584893e+03,-20.007173,-84.265583
1.659587e+03,-20.403356,-84.522068
1.737801e+03,-20.799873,-84.767215
1.819701e+03,-21.196693,-85.001508
1.905461e+03,-21.593791,-85.225413
1.995262e+03,-21.991143,-85.439377
2.089296e+03,-22.388726,-85.643830
2.187762e+03,-22.786521,-85.839185
2.290868e+03,-23.184509,-86.025839
2.398833e+03,-23.582673,-86.204170
2.511886e+03,-23.980998,-86.374544
2.630268e+03,-24.379469,-86.537310
2.754229e+03,-24.778075,-86.692803
2.884032e+03,-25.176803,-86.841343
3.019952e+03,-25.575643,-86.983237
3.162278e+03,-25.974584,-87.118780
3.311311e+03,-26.373619,-87.248252
3.467369e+03,-26.772738,-87.371923
3.630781e+03,-27.171934,-87.490051
3.801894e+03,-27.571201,-87.602883
3.981072e+03,-27.970533,-87.710653
4.168694e+03,-28.369923,-87.813589
4.365158e+03,-28.769367,-87.911904
4.570882e+03,-29.168859,-88.005806
4.786301e+03,-29.568397,-88.095492
5.011872e+03,-29.967975,-88.181150
5.248075e+03,-30.367590,-88.262961
5.495409e+03,-30.767239,-88.341096
5.754399e+03,-31.166918,-88.415720
6.025596e+03,-31.566626,-88.486990
6.309573e+03,-31.966360,-88.555057
6.606934e+03,-32.366117,-88.620065
6.918310e+03,-32.765895,-88.682149
7.244360e+03,-33.165693,-88.741443
7.585776e+03,-33.565509,-88.798070
7.943282e+03,-33.965341,-88.852151
8.317638e+03,-34.365187,-88.903800
8.709636e+03,-34.765047,-88.953126
9.120108e+03,-35.164920,-89.000233
9.549926e+03,-35.564803,-89.045222
1.000000e+04,-35.964697,-89.088186
1.047129e+04,-36.364601,-89.129218
1.096478e+04,-36.764512,-89.168404
1.148154e+04,-37.164432,-89.205827
1.202264e+04,-37.564358,-89.241567
1.258925e+04,-37.964291,-89.275698
1.318257e+04,-38.364230,-89.308294
1.380384e+04,-38.764175,-89.339423
1.445440e+04,-39.164124,-89.369151
1.513561e+04,-39.564078,-89.397542
1.584893e+04,-39.964035,-89.424655
1.659587e+04,-40.363997,-89.450548
1.737801e+04,-40.763962,-89.475276
1.819701e+04,-41.163930,-89.498892
1.905461e+04,-41.563900,-89.521444
1.995262e+04,-41.963874,-89.542982
2.089296e+04,-42.363849,-89.563550
2.187762e+04,-42.763827,-89.583193
2.290868e+04,-43.163807,-89.601952
2.398833e+04,-43.563789,-89.619866
2.511886e+04,-43.963772,-89.636975
2.630268e+04,-44.363756,-89.653313
2.754229e+04,-44.763742,-89.668916
2.884032e+04,-45.163730,-89.683817
3.019952e+04,-45.563718,-89.698047
3.162278e+04,-45.963707,-89.711637
3.311311e+04,-46.363698,-89.724616
3.467369e+04,-46.763689,-89.737010
3.630781e+04,-47.163681,-89.748846
3.801894e+04,-47.563673,-89.760150
3.981072e+04,-47.963667,-89.770945
4.168694e+04,-48.363661,-89.781254
4.365158e+04,-48.763655,-89.791099
4.570882e+04,-49.163650,-89.800501
4.786301e+04,-49.563645,-89.809480
5.011872e+04,-49.963641,-89.818055
5.248075e+04,-50.363637,-89.826243
5.495409e+04,-50.763634,-89.834064
5.754399e+04,-51.163631,-89.841532
6.025596e+04,-51.563628,-89.848664
6.309573e+04,-51.963625,-89.855475
6.606934e+04,-52.363623,-89.861980
6.918310e+04,-52.763620,-89.868192
7.244360e+04,-53.163618,-89.874124
7.585776e+04,-53.563616,-89.879790
7.943282e+04,-53.963615,-89.885200
8.317638e+04,-54.363613,-89.890367
8.709636e+04,-54.763612,-89.895301
9.120108e+04,-55.163611,-89.900013
9.549926e+04,-55.563609,-89.904513
1.000000e+05,-55.963608,-89.908811
1.047129e+05,-56.363607,-89.912915
1.096478e+05,-56.763607,-89.916835
1.148154e+05,-57.163606,-89.920578
1.202264e+05,-57.563605,-89.924152
1.258925e+05,-57.963604,-89.927566
1.318257e+05,-58.363604,-89.930826
1.380384e+05,-58.763603,-89.933939
1.445440e+05,-59.163603,-89.936913
1.513561e+05,-59.563602,-89.939752
1.584893e+05,-59.963602,-89.942464
1.659587e+05,-60.363601,-89.945053
1.737801e+05,-60.763601,-89.947526
1.819701e+05,-61.163601,-89.949888
1.905461e+05,-61.563600,-89.952143
1.995262e+05,-61.963600,-89.954297
2.089296e+05,-62.363600,-89.956354
2.187762e+05,-62.763600,-89.958319
2.290868e+05,-63.163599,-89.960195
2.398833e+05,-63.563599,-89.961986
2.511886e+05,-63.963599,-89.963697
2.630268e+05,-64.363599,-89.965331
2.754229e+05,-64.763599,-89.966891
2.884032e+05,-65.163599,-89.968381
3.019952e+05,-65.563599,-89.969804
3.162278e+05,-65.963598,-89.971163
3.311311e+05,-66.363598,-89.972461
3.467369e+05,-66.763598,-89.973701
3.630781e+05,-67.163598,-89.974884
3.801894e+05,-67.563598,-89.976015
3.981072e+05,-67.963598,-89.977094
4.168694e+05,-68.363598,-89.978125
4.365158e+05,-68.763598,-89.979110
4.570882e+05,-69.163598,-89.980050
4.786301e+05,-69.563598,-89.980948
5.011872e+05,-69.963598,-89.981805
5.248075e+05,-70.363598,-89.982624
5.495409e+05,-70.763598,-89.983406
5.754399e+05,-71.163598,-89.984153
6.025596e+05,-71.563598,-89.984866
6.309573e+05,-71.963598,-89.985548
6.606934e+05,-72.363598,-89.986198
6.918310e+05,-72.763598,-89.986819
7.244360e+05,-73.163598,-89.987412
7.585776e+05,-73.563598,-89.987979
7.943282e+05,-73.963598,-89.988520
8.317638e+05,-74.363598,-89.989037
8.709636e+05,-74.763598,-89.989530
9.120108e+05,-75.163597,-89.990001
9.549926e+05,-75.563597,-89.990451
1.000000e+06,-75.963597,-89.990881
